-- phpMyAdmin SQL Dump
-- version 5.2.1
-- https://www.phpmyadmin.net/
--
-- Host: 127.0.0.1
-- Generation Time: Sep 09, 2025 at 04:20 AM
-- Server version: 10.4.32-MariaDB
-- PHP Version: 8.2.12

SET SQL_MODE = "NO_AUTO_VALUE_ON_ZERO";
START TRANSACTION;
SET time_zone = "+00:00";


/*!40101 SET @OLD_CHARACTER_SET_CLIENT=@@CHARACTER_SET_CLIENT */;
/*!40101 SET @OLD_CHARACTER_SET_RESULTS=@@CHARACTER_SET_RESULTS */;
/*!40101 SET @OLD_COLLATION_CONNECTION=@@COLLATION_CONNECTION */;
/*!40101 SET NAMES utf8mb4 */;

--
-- Database: `perpus_apps`
--

-- --------------------------------------------------------

--
-- Table structure for table `books`
--

CREATE TABLE `books` (
  `id` bigint(20) UNSIGNED NOT NULL,
  `id_lokasi` bigint(20) UNSIGNED NOT NULL,
  `id_kategori` bigint(20) UNSIGNED NOT NULL,
  `judul_buku` varchar(255) DEFAULT NULL,
  `pengarang_buku` varchar(255) DEFAULT NULL,
  `penerbit_buku` varchar(255) DEFAULT NULL,
  `tahun_terbit` date DEFAULT NULL,
  `keterangan` varchar(255) DEFAULT NULL,
  `stok_buku` int(11) DEFAULT NULL,
  `created_at` timestamp NULL DEFAULT NULL,
  `updated_at` timestamp NULL DEFAULT NULL
) ENGINE=InnoDB DEFAULT CHARSET=utf8mb4 COLLATE=utf8mb4_unicode_ci;

--
-- Dumping data for table `books`
--

INSERT INTO `books` (`id`, `id_lokasi`, `id_kategori`, `judul_buku`, `pengarang_buku`, `penerbit_buku`, `tahun_terbit`, `keterangan`, `stok_buku`, `created_at`, `updated_at`) VALUES
(1, 1, 1, 'Si Pitung : Jawara Betawi Asli!', 'Garjon', 'Media Pressindo', '2019-01-09', NULL, 12, '2025-09-07 19:40:45', '2025-09-07 19:40:45'),
(2, 2, 2, 'Sejarah Dunia yang Disembunyikan', 'Jonathan Black', 'Alvabet', '2015-05-15', NULL, 22, '2025-09-07 19:41:56', '2025-09-07 19:41:56'),
(3, 3, 3, 'Wingit', 'Sara Wijayanto', 'Elex Media Komputindo', '2020-02-04', NULL, 9, '2025-09-07 19:42:58', '2025-09-07 19:42:58');

-- --------------------------------------------------------

--
-- Table structure for table `borrows`
--

CREATE TABLE `borrows` (
  `id` bigint(20) UNSIGNED NOT NULL,
  `id_anggota` bigint(20) UNSIGNED NOT NULL,
  `trans_number` varchar(30) NOT NULL,
  `return_date` date NOT NULL,
  `note` text DEFAULT NULL,
  `created_at` timestamp NULL DEFAULT NULL,
  `updated_at` timestamp NULL DEFAULT NULL,
  `deleted_at` timestamp NULL DEFAULT NULL,
  `status` tinyint(4) DEFAULT 1,
  `actual_return_date` date DEFAULT NULL,
  `fine` int(11) NOT NULL DEFAULT 0
) ENGINE=InnoDB DEFAULT CHARSET=utf8mb4 COLLATE=utf8mb4_unicode_ci;

--
-- Dumping data for table `borrows`
--

INSERT INTO `borrows` (`id`, `id_anggota`, `trans_number`, `return_date`, `note`, `created_at`, `updated_at`, `deleted_at`, `status`, `actual_return_date`, `fine`) VALUES
(1, 1, 'PJM-20250908001', '2025-09-07', NULL, '2025-09-07 19:43:15', '2025-09-08 00:00:49', NULL, 0, '2025-09-06', 0),
(2, 2, 'PJM-20250908002', '2025-09-11', NULL, '2025-09-07 22:24:52', '2025-09-07 23:09:42', NULL, 0, '2025-09-08', 0),
(3, 2, 'PJM-20250908002', '2025-09-08', NULL, '2025-09-07 22:25:03', '2025-09-07 23:09:39', NULL, 0, '2025-09-08', 0),
(4, 1, 'PJM-20250908003', '2025-09-15', NULL, '2025-09-08 00:03:56', '2025-09-08 00:44:22', NULL, 0, '2025-09-16', 10000);

-- --------------------------------------------------------

--
-- Table structure for table `cache`
--

CREATE TABLE `cache` (
  `key` varchar(255) NOT NULL,
  `value` mediumtext NOT NULL,
  `expiration` int(11) NOT NULL
) ENGINE=InnoDB DEFAULT CHARSET=utf8mb4 COLLATE=utf8mb4_unicode_ci;

-- --------------------------------------------------------

--
-- Table structure for table `cache_locks`
--

CREATE TABLE `cache_locks` (
  `key` varchar(255) NOT NULL,
  `owner` varchar(255) NOT NULL,
  `expiration` int(11) NOT NULL
) ENGINE=InnoDB DEFAULT CHARSET=utf8mb4 COLLATE=utf8mb4_unicode_ci;

-- --------------------------------------------------------

--
-- Table structure for table `categories`
--

CREATE TABLE `categories` (
  `id` bigint(20) UNSIGNED NOT NULL,
  `nama_kategori` varchar(255) DEFAULT NULL,
  `created_at` timestamp NULL DEFAULT NULL,
  `updated_at` timestamp NULL DEFAULT NULL
) ENGINE=InnoDB DEFAULT CHARSET=utf8mb4 COLLATE=utf8mb4_unicode_ci;

--
-- Dumping data for table `categories`
--

INSERT INTO `categories` (`id`, `nama_kategori`, `created_at`, `updated_at`) VALUES
(1, 'Buku Komik', '2025-09-07 19:38:29', '2025-09-07 19:38:29'),
(2, 'Buku Sejarah', '2025-09-07 19:38:41', '2025-09-07 19:38:41'),
(3, 'Buku Pelajaran', '2025-09-07 19:38:52', '2025-09-07 19:38:52');

-- --------------------------------------------------------

--
-- Table structure for table `detail_borrows`
--

CREATE TABLE `detail_borrows` (
  `id` bigint(20) UNSIGNED NOT NULL,
  `id_borrow` bigint(20) UNSIGNED NOT NULL,
  `id_book` bigint(20) UNSIGNED NOT NULL,
  `created_at` timestamp NULL DEFAULT NULL,
  `updated_at` timestamp NULL DEFAULT NULL,
  `deleted_at` timestamp NULL DEFAULT NULL
) ENGINE=InnoDB DEFAULT CHARSET=utf8mb4 COLLATE=utf8mb4_unicode_ci;

--
-- Dumping data for table `detail_borrows`
--

INSERT INTO `detail_borrows` (`id`, `id_borrow`, `id_book`, `created_at`, `updated_at`, `deleted_at`) VALUES
(1, 1, 1, '2025-09-07 19:43:15', '2025-09-07 19:43:15', NULL),
(2, 2, 1, '2025-09-07 22:24:52', '2025-09-07 22:24:52', NULL),
(3, 3, 1, '2025-09-07 22:25:03', '2025-09-07 22:25:03', NULL),
(4, 4, 2, '2025-09-08 00:03:56', '2025-09-08 00:03:56', NULL);

-- --------------------------------------------------------

--
-- Table structure for table `failed_jobs`
--

CREATE TABLE `failed_jobs` (
  `id` bigint(20) UNSIGNED NOT NULL,
  `uuid` varchar(255) NOT NULL,
  `connection` text NOT NULL,
  `queue` text NOT NULL,
  `payload` longtext NOT NULL,
  `exception` longtext NOT NULL,
  `failed_at` timestamp NOT NULL DEFAULT current_timestamp()
) ENGINE=InnoDB DEFAULT CHARSET=utf8mb4 COLLATE=utf8mb4_unicode_ci;

-- --------------------------------------------------------

--
-- Table structure for table `jobs`
--

CREATE TABLE `jobs` (
  `id` bigint(20) UNSIGNED NOT NULL,
  `queue` varchar(255) NOT NULL,
  `payload` longtext NOT NULL,
  `attempts` tinyint(3) UNSIGNED NOT NULL,
  `reserved_at` int(10) UNSIGNED DEFAULT NULL,
  `available_at` int(10) UNSIGNED NOT NULL,
  `created_at` int(10) UNSIGNED NOT NULL
) ENGINE=InnoDB DEFAULT CHARSET=utf8mb4 COLLATE=utf8mb4_unicode_ci;

-- --------------------------------------------------------

--
-- Table structure for table `job_batches`
--

CREATE TABLE `job_batches` (
  `id` varchar(255) NOT NULL,
  `name` varchar(255) NOT NULL,
  `total_jobs` int(11) NOT NULL,
  `pending_jobs` int(11) NOT NULL,
  `failed_jobs` int(11) NOT NULL,
  `failed_job_ids` longtext NOT NULL,
  `options` mediumtext DEFAULT NULL,
  `cancelled_at` int(11) DEFAULT NULL,
  `created_at` int(11) NOT NULL,
  `finished_at` int(11) DEFAULT NULL
) ENGINE=InnoDB DEFAULT CHARSET=utf8mb4 COLLATE=utf8mb4_unicode_ci;

-- --------------------------------------------------------

--
-- Table structure for table `locations`
--

CREATE TABLE `locations` (
  `id` bigint(20) UNSIGNED NOT NULL,
  `kode_lokasi` varchar(255) DEFAULT NULL,
  `label` varchar(255) DEFAULT NULL,
  `rak` varchar(255) DEFAULT NULL,
  `created_at` timestamp NULL DEFAULT NULL,
  `updated_at` timestamp NULL DEFAULT NULL
) ENGINE=InnoDB DEFAULT CHARSET=utf8mb4 COLLATE=utf8mb4_unicode_ci;

--
-- Dumping data for table `locations`
--

INSERT INTO `locations` (`id`, `kode_lokasi`, `label`, `rak`, `created_at`, `updated_at`) VALUES
(1, 'A01', 'AAA', 'R1 - L1', '2025-09-07 19:32:40', '2025-09-07 19:32:40'),
(2, 'A02', 'BBB', 'R2 - L1', '2025-09-07 19:33:02', '2025-09-07 19:33:02'),
(3, 'A03', 'CCC', 'R3 - L1', '2025-09-07 19:37:20', '2025-09-07 19:37:20');

-- --------------------------------------------------------

--
-- Table structure for table `members`
--

CREATE TABLE `members` (
  `id` bigint(20) UNSIGNED NOT NULL,
  `nomor_anggota` varchar(255) DEFAULT NULL,
  `nik` varchar(255) DEFAULT NULL,
  `nama_anggota` varchar(255) DEFAULT NULL,
  `no_tlp` varchar(255) DEFAULT NULL,
  `email` varchar(255) NOT NULL,
  `created_at` timestamp NULL DEFAULT NULL,
  `updated_at` timestamp NULL DEFAULT NULL,
  `deleted_at` timestamp NULL DEFAULT NULL
) ENGINE=InnoDB DEFAULT CHARSET=utf8mb4 COLLATE=utf8mb4_unicode_ci;

--
-- Dumping data for table `members`
--

INSERT INTO `members` (`id`, `nomor_anggota`, `nik`, `nama_anggota`, `no_tlp`, `email`, `created_at`, `updated_at`, `deleted_at`) VALUES
(1, 'MEMBER-08-09-2025-00001', '12345678875', 'Faris Luthfi', '021524215121', 'faris@gmail.com', '2025-09-07 19:30:50', '2025-09-07 19:30:50', NULL),
(2, 'MEMBER-08-09-2025-00002', '797845544545', 'Jono', '087544543218', 'jono@gmail.com', '2025-09-07 19:32:08', '2025-09-07 19:32:08', NULL);

-- --------------------------------------------------------

--
-- Table structure for table `migrations`
--

CREATE TABLE `migrations` (
  `id` int(10) UNSIGNED NOT NULL,
  `migration` varchar(255) NOT NULL,
  `batch` int(11) NOT NULL
) ENGINE=InnoDB DEFAULT CHARSET=utf8mb4 COLLATE=utf8mb4_unicode_ci;

--
-- Dumping data for table `migrations`
--

INSERT INTO `migrations` (`id`, `migration`, `batch`) VALUES
(1, '0001_01_01_000000_create_users_table', 1),
(2, '0001_01_01_000001_create_cache_table', 1),
(3, '0001_01_01_000002_create_jobs_table', 1),
(4, '2025_09_01_034436_create_members_table', 2),
(5, '2025_09_01_071559_add_deleted_at_to_members', 3),
(6, '2025_09_02_010912_create_books_table', 4),
(7, '2025_09_02_011025_create_locations_table', 4),
(8, '2025_09_02_011110_create_categories_table', 4),
(9, '2025_09_02_013452_add_foreign_to_books', 5),
(10, '2025_09_03_020911_create_borrows_table', 6),
(11, '2025_09_03_022928_create_detail_borrows_table', 7),
(13, '2025_09_08_014511_add_soft_delete_to_borrow_and_detail_borrow', 8),
(14, '2025_09_08_024534_add_status_to_table_borrows', 9),
(15, '2025_09_08_025855_add_return_coloms_to_borrows_table', 10),
(16, '2025_09_09_012535_create_roles_table', 11);

-- --------------------------------------------------------

--
-- Table structure for table `password_reset_tokens`
--

CREATE TABLE `password_reset_tokens` (
  `email` varchar(255) NOT NULL,
  `token` varchar(255) NOT NULL,
  `created_at` timestamp NULL DEFAULT NULL
) ENGINE=InnoDB DEFAULT CHARSET=utf8mb4 COLLATE=utf8mb4_unicode_ci;

-- --------------------------------------------------------

--
-- Table structure for table `roles`
--

CREATE TABLE `roles` (
  `id` bigint(20) UNSIGNED NOT NULL,
  `name` varchar(255) NOT NULL,
  `deleted_at` timestamp NULL DEFAULT NULL,
  `created_at` timestamp NULL DEFAULT NULL,
  `updated_at` timestamp NULL DEFAULT NULL
) ENGINE=InnoDB DEFAULT CHARSET=utf8mb4 COLLATE=utf8mb4_unicode_ci;

--
-- Dumping data for table `roles`
--

INSERT INTO `roles` (`id`, `name`, `deleted_at`, `created_at`, `updated_at`) VALUES
(1, 'Administrator', NULL, '2025-09-08 19:18:50', '2025-09-08 19:18:50'),
(2, 'Operator', NULL, '2025-09-08 19:19:24', '2025-09-08 19:19:24');

-- --------------------------------------------------------

--
-- Table structure for table `sessions`
--

CREATE TABLE `sessions` (
  `id` varchar(255) NOT NULL,
  `user_id` bigint(20) UNSIGNED DEFAULT NULL,
  `ip_address` varchar(45) DEFAULT NULL,
  `user_agent` text DEFAULT NULL,
  `payload` longtext NOT NULL,
  `last_activity` int(11) NOT NULL
) ENGINE=InnoDB DEFAULT CHARSET=utf8mb4 COLLATE=utf8mb4_unicode_ci;

--
-- Dumping data for table `sessions`
--

INSERT INTO `sessions` (`id`, `user_id`, `ip_address`, `user_agent`, `payload`, `last_activity`) VALUES
('FWi0itzw9zae4WmLhNP3gbPI07YWYf4lb87TaBhz', 4, '127.0.0.1', 'Mozilla/5.0 (Windows NT 10.0; Win64; x64) AppleWebKit/537.36 (KHTML, like Gecko) Chrome/139.0.0.0 Safari/537.36', 'YTo1OntzOjY6Il90b2tlbiI7czo0MDoiUjVJeTk5ZjREd1R4UFc5ZFBCRGpqN2NueXlXMFZmZGdnaXprSmxvQiI7czo5OiJfcHJldmlvdXMiO2E6MTp7czozOiJ1cmwiO3M6NDA6Imh0dHA6Ly8xMjcuMC4wLjE6ODAwMC90cmFuc2FjdGlvbi9jcmVhdGUiO31zOjY6Il9mbGFzaCI7YToyOntzOjM6Im9sZCI7YTowOnt9czozOiJuZXciO2E6MDp7fX1zOjUwOiJsb2dpbl93ZWJfNTliYTM2YWRkYzJiMmY5NDAxNTgwZjAxNGM3ZjU4ZWE0ZTMwOTg5ZCI7aTo0O3M6NToiYWxlcnQiO2E6MDp7fX0=', 1757317935),
('hpfuatcVKKpIiLBq7UJqYZr42lUeFN3XtVkYfCOg', 4, '127.0.0.1', 'Mozilla/5.0 (Windows NT 10.0; Win64; x64) AppleWebKit/537.36 (KHTML, like Gecko) Chrome/139.0.0.0 Safari/537.36', 'YTo2OntzOjY6Il90b2tlbiI7czo0MDoiOE5MdktvRGxXbHVHMjFaR2hHUnpQUTFnVklQZUQ2a0tDNFNjbHI2RSI7czozOiJ1cmwiO2E6MDp7fXM6OToiX3ByZXZpb3VzIjthOjE6e3M6MzoidXJsIjtzOjI2OiJodHRwOi8vMTI3LjAuMC4xOjgwMDAvcm9sZSI7fXM6NjoiX2ZsYXNoIjthOjI6e3M6Mzoib2xkIjthOjA6e31zOjM6Im5ldyI7YTowOnt9fXM6NTA6ImxvZ2luX3dlYl81OWJhMzZhZGRjMmIyZjk0MDE1ODBmMDE0YzdmNThlYTRlMzA5ODlkIjtpOjQ7czo1OiJhbGVydCI7YTowOnt9fQ==', 1757384364);

-- --------------------------------------------------------

--
-- Table structure for table `users`
--

CREATE TABLE `users` (
  `id` bigint(20) UNSIGNED NOT NULL,
  `name` varchar(255) NOT NULL,
  `email` varchar(255) NOT NULL,
  `email_verified_at` timestamp NULL DEFAULT NULL,
  `password` varchar(255) NOT NULL,
  `remember_token` varchar(100) DEFAULT NULL,
  `created_at` timestamp NULL DEFAULT NULL,
  `updated_at` timestamp NULL DEFAULT NULL
) ENGINE=InnoDB DEFAULT CHARSET=utf8mb4 COLLATE=utf8mb4_unicode_ci;

--
-- Dumping data for table `users`
--

INSERT INTO `users` (`id`, `name`, `email`, `email_verified_at`, `password`, `remember_token`, `created_at`, `updated_at`) VALUES
(4, 'Admin', 'admin@gmail.com', NULL, '$2y$12$9MjhYCGNgWL4l3pywgPGwu6uWaPubl0w31jaAbfZbCqrhY098YeBy', NULL, '2025-08-31 20:27:37', '2025-08-31 20:27:37');

--
-- Indexes for dumped tables
--

--
-- Indexes for table `books`
--
ALTER TABLE `books`
  ADD PRIMARY KEY (`id`),
  ADD KEY `books_id_lokasi_foreign` (`id_lokasi`),
  ADD KEY `books_id_kategori_foreign` (`id_kategori`);

--
-- Indexes for table `borrows`
--
ALTER TABLE `borrows`
  ADD PRIMARY KEY (`id`),
  ADD KEY `borrows_id_anggota_foreign` (`id_anggota`);

--
-- Indexes for table `cache`
--
ALTER TABLE `cache`
  ADD PRIMARY KEY (`key`);

--
-- Indexes for table `cache_locks`
--
ALTER TABLE `cache_locks`
  ADD PRIMARY KEY (`key`);

--
-- Indexes for table `categories`
--
ALTER TABLE `categories`
  ADD PRIMARY KEY (`id`);

--
-- Indexes for table `detail_borrows`
--
ALTER TABLE `detail_borrows`
  ADD PRIMARY KEY (`id`),
  ADD KEY `detail_borrows_id_borrow_foreign` (`id_borrow`),
  ADD KEY `detail_borrows_id_book_foreign` (`id_book`);

--
-- Indexes for table `failed_jobs`
--
ALTER TABLE `failed_jobs`
  ADD PRIMARY KEY (`id`),
  ADD UNIQUE KEY `failed_jobs_uuid_unique` (`uuid`);

--
-- Indexes for table `jobs`
--
ALTER TABLE `jobs`
  ADD PRIMARY KEY (`id`),
  ADD KEY `jobs_queue_index` (`queue`);

--
-- Indexes for table `job_batches`
--
ALTER TABLE `job_batches`
  ADD PRIMARY KEY (`id`);

--
-- Indexes for table `locations`
--
ALTER TABLE `locations`
  ADD PRIMARY KEY (`id`);

--
-- Indexes for table `members`
--
ALTER TABLE `members`
  ADD PRIMARY KEY (`id`),
  ADD UNIQUE KEY `members_email_unique` (`email`);

--
-- Indexes for table `migrations`
--
ALTER TABLE `migrations`
  ADD PRIMARY KEY (`id`);

--
-- Indexes for table `password_reset_tokens`
--
ALTER TABLE `password_reset_tokens`
  ADD PRIMARY KEY (`email`);

--
-- Indexes for table `roles`
--
ALTER TABLE `roles`
  ADD PRIMARY KEY (`id`);

--
-- Indexes for table `sessions`
--
ALTER TABLE `sessions`
  ADD PRIMARY KEY (`id`),
  ADD KEY `sessions_user_id_index` (`user_id`),
  ADD KEY `sessions_last_activity_index` (`last_activity`);

--
-- Indexes for table `users`
--
ALTER TABLE `users`
  ADD PRIMARY KEY (`id`),
  ADD UNIQUE KEY `users_email_unique` (`email`);

--
-- AUTO_INCREMENT for dumped tables
--

--
-- AUTO_INCREMENT for table `books`
--
ALTER TABLE `books`
  MODIFY `id` bigint(20) UNSIGNED NOT NULL AUTO_INCREMENT, AUTO_INCREMENT=4;

--
-- AUTO_INCREMENT for table `borrows`
--
ALTER TABLE `borrows`
  MODIFY `id` bigint(20) UNSIGNED NOT NULL AUTO_INCREMENT, AUTO_INCREMENT=5;

--
-- AUTO_INCREMENT for table `categories`
--
ALTER TABLE `categories`
  MODIFY `id` bigint(20) UNSIGNED NOT NULL AUTO_INCREMENT, AUTO_INCREMENT=4;

--
-- AUTO_INCREMENT for table `detail_borrows`
--
ALTER TABLE `detail_borrows`
  MODIFY `id` bigint(20) UNSIGNED NOT NULL AUTO_INCREMENT, AUTO_INCREMENT=5;

--
-- AUTO_INCREMENT for table `failed_jobs`
--
ALTER TABLE `failed_jobs`
  MODIFY `id` bigint(20) UNSIGNED NOT NULL AUTO_INCREMENT;

--
-- AUTO_INCREMENT for table `jobs`
--
ALTER TABLE `jobs`
  MODIFY `id` bigint(20) UNSIGNED NOT NULL AUTO_INCREMENT;

--
-- AUTO_INCREMENT for table `locations`
--
ALTER TABLE `locations`
  MODIFY `id` bigint(20) UNSIGNED NOT NULL AUTO_INCREMENT, AUTO_INCREMENT=4;

--
-- AUTO_INCREMENT for table `members`
--
ALTER TABLE `members`
  MODIFY `id` bigint(20) UNSIGNED NOT NULL AUTO_INCREMENT, AUTO_INCREMENT=3;

--
-- AUTO_INCREMENT for table `migrations`
--
ALTER TABLE `migrations`
  MODIFY `id` int(10) UNSIGNED NOT NULL AUTO_INCREMENT, AUTO_INCREMENT=17;

--
-- AUTO_INCREMENT for table `roles`
--
ALTER TABLE `roles`
  MODIFY `id` bigint(20) UNSIGNED NOT NULL AUTO_INCREMENT, AUTO_INCREMENT=3;

--
-- AUTO_INCREMENT for table `users`
--
ALTER TABLE `users`
  MODIFY `id` bigint(20) UNSIGNED NOT NULL AUTO_INCREMENT, AUTO_INCREMENT=5;

--
-- Constraints for dumped tables
--

--
-- Constraints for table `books`
--
ALTER TABLE `books`
  ADD CONSTRAINT `books_id_kategori_foreign` FOREIGN KEY (`id_kategori`) REFERENCES `categories` (`id`) ON DELETE CASCADE,
  ADD CONSTRAINT `books_id_lokasi_foreign` FOREIGN KEY (`id_lokasi`) REFERENCES `locations` (`id`) ON DELETE CASCADE;

--
-- Constraints for table `borrows`
--
ALTER TABLE `borrows`
  ADD CONSTRAINT `borrows_id_anggota_foreign` FOREIGN KEY (`id_anggota`) REFERENCES `members` (`id`) ON DELETE CASCADE;

--
-- Constraints for table `detail_borrows`
--
ALTER TABLE `detail_borrows`
  ADD CONSTRAINT `detail_borrows_id_book_foreign` FOREIGN KEY (`id_book`) REFERENCES `books` (`id`) ON DELETE CASCADE,
  ADD CONSTRAINT `detail_borrows_id_borrow_foreign` FOREIGN KEY (`id_borrow`) REFERENCES `borrows` (`id`) ON DELETE CASCADE;
COMMIT;

/*!40101 SET CHARACTER_SET_CLIENT=@OLD_CHARACTER_SET_CLIENT */;
/*!40101 SET CHARACTER_SET_RESULTS=@OLD_CHARACTER_SET_RESULTS */;
/*!40101 SET COLLATION_CONNECTION=@OLD_COLLATION_CONNECTION */;
